Manager,PT,count
TUANPM,EDH - Công ty CP ĐT & PT đào tạo E.D.H,4
TRANGPT5,EDH - Công ty CP ĐT & PT đào tạo E.D.H,1
TAMNN,EDT - Công ty CP ĐT & PT đào tạo EDUTOP64,55
MINHCC,EDT - Công ty CP ĐT & PT đào tạo EDUTOP64,51
TRUNGNT,EDT - Công ty CP ĐT & PT đào tạo EDUTOP64,47
TAMNT,EDT - Công ty CP ĐT & PT đào tạo EDUTOP64,22
HUONGDM2,EDT - Công ty CP ĐT & PT đào tạo EDUTOP64,21
HAONT2,TE - Công ty CP giáo dục Topica English,127
PHUCDV,TE - Công ty CP giáo dục Topica English,102
QUANGDH,TE - Công ty CP giáo dục Topica English,81
QUYETVV,TE - Công ty CP giáo dục Topica English,81
THANHNTT,TE - Công ty CP giáo dục Topica English,72
NGUYENLT2,TEM - TOP ENGLISH (THAILAND) COMPANY LIMITED,1
CHAUDM,TEP - Topica Edtech Philippines Inc.,2
NGUYENLT2,TET - TOP ENGLISH (THAILAND) COMPANY LIMITED,134
NAMFON2,TET - TOP ENGLISH (THAILAND) COMPANY LIMITED,129
TOM,TET - TOP ENGLISH (THAILAND) COMPANY LIMITED,23
HIENNTT5,TET - TOP ENGLISH (THAILAND) COMPANY LIMITED,18
PHATCHAPORN,TET - TOP ENGLISH (THAILAND) COMPANY LIMITED,15
NGOCNT12,TPC - TOPICA COMPANY LIMITED,7
HUYNN2,TPC - TOPICA COMPANY LIMITED,3
CAMNNH,TPC - TOPICA COMPANY LIMITED,1
JENPHOB,TPC - TOPICA COMPANY LIMITED,1
KIMDT,TPC - TOPICA COMPANY LIMITED,1
TUANPM,TS - Topica Singapore PTE. LTD,1
CAMNNH,TSD - SADAN INDONESIA Limited Liability Company,1
